100,1,67.4,202,100.0,84.63,89.9
200,0,198.7,450,100.0,136.92,93.9
300,2,500.6,962,100.0,177.03,97.3
400,1,576.4,1191,99.0,170.11,97.4
500,2,785.1,1600,99.0,168.44,97.6
600,2,769.6,1484,100.0,165.80,96.9
700,2,776.9,1796,100.0,167.54,97.5
800,2,894.7,1806,100.0,183.74,97.9
900,2,879.4,1830,100.0,184.74,98.0
1000,2,1031.1,1748,100.0,173.95,97.9
1100,2,931.7,1958,100.0,168.85,97.9
1200,2,900.2,1754,100.0,171.72,98.1
1300,3,886.8,2000,100.0,161.75,98.0
1400,2,947.7,1668,100.0,175.71,97.7
1500,2,1031.8,1982,100.0,173.85,97.5
1600,3,1142.9,2000,100.0,170.85,97.6
1700,2,977.3,2000,100.0,173.87,97.3
1800,2,1055.0,1983,100.0,171.80,97.5
1900,3,1065.4,1882,100.0,180.89,97.7
2000,3,1217.5,2000,100.0,175.87,97.6
2100,3,1076.2,2000,100.0,175.92,97.6
2200,3,1175.9,2000,100.0,170.90,97.7
2300,3,1371.8,2000,100.0,175.96,97.5
2400,3,1222.7,2000,100.0,182.84,97.4
2500,4,1109.6,2000,100.0,175.86,97.4
2600,3,1372.7,2000,100.0,179.92,97.6
2700,4,1303.2,2000,100.0,175.95,97.4
2800,3,1090.8,2000,100.0,178.79,96.7
2900,3,1181.7,2000,100.0,176.93,96.6
3000,4,1232.9,2000,100.0,174.79,97.3
3100,3,1035.8,2000,100.0,173.88,96.7
3200,2,723.2,1837,100.0,171.20,92.9
3300,2,441.6,1248,100.0,165.61,51.7
3400,1,498.1,1163,100.0,169.59,64.3
3500,3,751.3,2000,100.0,173.37,86.2
3600,2,503.7,1144,100.0,173.07,63.7
3700,1,467.8,1341,100.0,165.43,65.6
3800,2,364.4,817,100.0,155.87,36.9
3900,1,341.1,883,99.0,158.11,25.2
4000,1,352.9,869,99.0,154.88,32.0
4100,2,287.9,793,100.0,163.74,31.6
4200,0,264.3,1000,100.0,154.51,37.5
4300,2,258.2,781,99.0,145.75,26.6
4400,1,312.0,812,100.0,157.58,22.4
4500,2,383.7,955,100.0,164.38,21.6
4600,1,350.4,756,100.0,165.55,21.1
4700,1,293.9,836,100.0,155.98,23.5
4800,2,339.8,929,98.0,147.80,23.7
4900,1,392.3,1030,98.0,160.40,41.8
5000,2,429.2,1008,100.0,167.42,43.4
5100,1,452.5,1090,100.0,160.64,43.1
5200,3,394.5,800,100.0,162.85,44.5
5300,1,462.7,1645,100.0,176.46,64.6
5400,2,482.2,1426,100.0,161.25,73.1
5500,2,390.6,1822,99.0,158.59,84.8
5600,2,832.6,2000,100.0,176.26,96.0
5700,3,669.9,1878,98.0,169.44,94.7
5800,4,1456.3,2000,100.0,182.69,97.5
5900,4,1355.0,2000,100.0,178.81,97.4
6000,6,1424.2,2000,100.0,171.97,97.5
6100,5,1476.8,2000,100.0,179.95,97.7
6200,4,1471.2,2000,100.0,176.97,97.6
6300,5,1508.3,2000,100.0,180.98,97.6
6400,5,1475.3,2000,100.0,181.96,97.6
6500,5,1558.2,2000,100.0,177.99,97.4
6600,4,1292.5,2000,100.0,166.90,97.3
6700,5,1291.9,2000,100.0,175.92,97.3
6800,5,1328.1,2000,100.0,174.97,97.5
6900,5,1411.6,2000,100.0,175.98,97.0
7000,5,1414.1,2000,100.0,184.97,96.9
7100,5,1278.3,2000,100.0,183.93,96.8
7200,5,1386.7,2000,100.0,175.93,96.9
7300,3,1038.7,2000,100.0,181.71,95.4
7400,4,965.2,2000,100.0,168.46,95.0
7500,5,1317.2,2000,100.0,180.92,97.0
7600,5,1344.1,2000,100.0,179.94,96.9
7700,4,1062.4,2000,100.0,176.47,96.8
7800,2,532.0,1943,100.0,168.61,49.7
7900,2,366.9,1345,99.0,166.26,29.5
8000,2,400.6,945,100.0,167.15,26.9
8100,2,387.8,913,100.0,157.14,29.9
8200,2,466.0,936,100.0,166.16,22.3
8300,2,349.3,943,100.0,159.65,21.8
8400,2,348.7,845,100.0,165.07,19.6
8500,1,359.7,883,100.0,159.73,18.2
8600,2,322.6,698,100.0,163.61,15.1
8700,2,352.3,742,99.0,163.56,15.0
8800,2,411.4,742,100.0,166.27,13.0
8900,2,402.6,813,100.0,171.58,15.0
9000,1,335.9,696,100.0,164.68,13.2
9100,2,358.5,804,100.0,170.93,14.3
9200,2,292.3,763,100.0,155.91,16.6
9300,1,345.8,1033,100.0,164.78,14.0
9400,2,280.5,703,100.0,163.34,22.0
9500,2,370.6,818,100.0,156.33,21.0
9600,2,357.9,1367,100.0,169.29,21.1
9700,2,506.0,2000,100.0,169.16,40.8
9800,2,512.8,1705,100.0,174.22,62.5
9900,3,390.6,1045,99.0,165.13,31.1
10000,2,450.2,1140,100.0,167.51,28.1
10100,1,355.8,719,100.0,170.41,28.5
10200,1,424.6,835,100.0,160.23,32.2
10300,1,283.1,875,100.0,153.80,31.4
10400,1,392.8,1152,99.0,167.69,36.7
10500,2,423.3,852,100.0,168.68,29.5
10600,1,389.1,1350,100.0,159.60,37.5
10700,1,392.9,915,99.0,165.41,25.9
10800,1,281.8,680,100.0,155.97,28.8
10900,1,391.0,909,100.0,171.14,26.0
11000,1,408.5,895,100.0,164.34,29.5
11100,1,368.6,932,100.0,165.05,30.5
11200,2,390.1,978,100.0,161.68,35.1
11300,2,437.3,1225,100.0,164.71,33.6
11400,2,511.9,1543,100.0,165.01,37.5
11500,2,462.1,1011,99.0,174.85,40.5
11600,2,420.0,1140,100.0,167.30,59.6
11700,1,345.8,733,100.0,156.36,78.6
11800,2,376.9,946,100.0,168.15,84.8
11900,2,572.6,1182,100.0,168.44,84.5
12000,2,579.1,1200,100.0,168.87,85.8
12100,2,643.4,1642,100.0,175.41,92.3
12200,3,979.2,2000,100.0,185.64,95.3
12300,3,945.9,2000,100.0,165.91,94.8
12400,3,700.5,1526,100.0,158.76,93.6
12500,1,595.2,1347,100.0,166.26,93.6
12600,3,659.7,1759,100.0,164.25,92.7
12700,2,776.7,2000,100.0,168.58,92.2
12800,4,1001.1,2000,100.0,175.15,94.8
12900,3,1194.9,2000,100.0,165.76,96.6
13000,4,951.5,2000,100.0,171.45,94.9
13100,3,1170.7,2000,100.0,176.86,96.0
13200,5,1329.7,2000,100.0,181.83,96.8
13300,4,1231.3,2000,100.0,182.87,96.1
13400,4,1143.8,2000,100.0,163.78,95.3
13500,2,792.0,2000,100.0,172.40,91.3
13600,4,932.0,2000,100.0,171.95,94.4
13700,3,955.3,2000,100.0,176.11,94.2
13800,3,564.5,1406,99.0,168.10,57.6
13900,2,518.5,1075,100.0,177.39,57.5
14000,3,1118.6,2000,100.0,178.79,94.4
14100,5,1459.2,2000,100.0,177.97,97.1
14200,5,1358.3,2000,100.0,179.63,96.6
14300,5,1495.2,2000,100.0,175.98,97.1
14400,4,1486.1,2000,100.0,175.98,97.1
14500,4,1304.2,2000,100.0,179.89,96.9
14600,5,1483.4,2000,100.0,176.94,97.1
14700,5,1422.7,2000,100.0,181.97,97.5
14800,5,1570.6,2000,100.0,181.99,97.4
14900,6,1588.5,2000,100.0,180.00,97.3
15000,5,1555.1,2000,100.0,180.99,97.6
15100,6,1710.9,2000,100.0,178.94,97.6
15200,4,1502.0,2000,100.0,181.97,97.5
15300,5,1373.2,2000,100.0,177.97,97.4
15400,5,1498.6,2000,100.0,183.98,97.6
15500,5,1498.2,2000,100.0,181.99,97.7
15600,5,1401.3,2000,100.0,171.95,97.7
15700,4,1415.8,2000,100.0,173.95,97.7
15800,6,1553.9,2000,100.0,186.99,97.7
15900,4,1567.1,2000,100.0,181.00,97.7
16000,5,1425.8,2000,100.0,180.98,97.6
16100,4,1200.7,2000,100.0,164.88,97.2
16200,4,1249.0,2000,100.0,175.97,97.5
16300,4,1394.2,2000,100.0,181.97,97.6
16400,5,1510.7,2000,100.0,173.94,97.6
16500,6,1500.7,2000,100.0,177.99,97.6
16600,5,1626.2,2000,100.0,181.96,97.7
16700,5,1606.5,2000,100.0,170.99,97.8
16800,4,1419.2,2000,100.0,178.98,97.8
16900,6,1650.9,2000,100.0,184.99,97.7
17000,6,1579.0,2000,100.0,175.00,97.8
17100,5,1598.0,2000,100.0,178.99,97.8
17200,5,1555.3,2000,100.0,178.98,97.8
17300,6,1507.4,2000,100.0,178.97,97.8
17400,4,1463.6,2000,100.0,171.99,97.7
17500,6,1526.7,2000,100.0,180.99,97.8
17600,5,1594.5,2000,100.0,185.99,97.7
17700,4,1392.0,2000,100.0,166.97,97.7
17800,5,1506.9,2000,100.0,172.95,97.9
17900,6,1504.5,2000,100.0,176.99,97.7
18000,5,1545.8,2000,100.0,182.99,97.7
18100,5,1566.1,2000,100.0,188.99,97.7
18200,6,1512.0,2000,100.0,179.98,97.8
18300,5,1547.6,2000,100.0,176.99,97.8
18400,5,1471.6,2000,100.0,173.99,97.6
18500,5,1354.6,2000,100.0,176.96,97.6
18600,5,1353.0,2000,100.0,166.91,97.7
18700,5,1468.5,2000,100.0,174.98,97.8
18800,5,1521.3,2000,100.0,187.99,97.8
18900,5,1433.8,2000,100.0,184.98,97.8
19000,5,1464.2,2000,100.0,172.99,97.8
19100,5,1377.0,2000,100.0,183.99,97.7
19200,6,1541.4,2000,100.0,179.99,97.8
19300,5,1518.8,2000,100.0,174.99,97.7
19400,5,1575.9,2000,100.0,189.94,97.7
19500,5,1552.2,2000,100.0,181.98,97.8
19600,5,1604.3,2000,100.0,180.99,97.7
19700,5,1498.5,2000,100.0,176.97,97.6
19800,5,1398.4,2000,100.0,165.96,97.3
19900,6,1544.3,2000,100.0,183.94,97.5
20000,5,1590.9,2000,100.0,184.00,97.5
20100,7,1610.2,2000,100.0,186.96,97.4
20200,6,1578.8,2000,100.0,182.99,97.4
20300,7,1641.2,2000,100.0,179.99,97.4
20400,5,1425.4,2000,100.0,183.94,97.5
20500,6,1435.1,2000,100.0,180.89,97.3
20600,8,1460.3,2000,100.0,179.96,97.4
20700,6,1621.1,2000,100.0,181.97,97.5
20800,7,1459.0,2000,100.0,179.97,97.6
20900,8,1553.1,2000,100.0,187.96,97.6
21000,7,1472.1,2000,100.0,183.97,97.6
21100,6,1375.6,2000,100.0,178.88,97.2
21200,5,1494.1,2000,100.0,170.99,97.4
21300,5,1616.3,2000,100.0,184.00,97.6
21400,6,1564.8,2000,100.0,171.00,97.7
21500,5,1497.0,2000,100.0,181.99,97.7
21600,5,1484.1,2000,100.0,178.98,97.7
21700,5,1689.4,2000,100.0,174.00,97.8
21800,6,1597.8,2000,100.0,185.00,97.6
21900,5,1660.2,2000,100.0,180.00,97.7
22000,6,1579.1,2000,100.0,178.95,97.8
22100,5,1529.3,2000,100.0,183.99,97.6
22200,5,1548.2,2000,100.0,185.00,97.6
22300,5,1539.4,2000,100.0,181.99,97.7
22400,5,1450.7,2000,100.0,178.95,97.6
22500,5,1524.4,2000,100.0,180.98,97.8
22600,5,1561.6,2000,100.0,180.98,97.8
22700,6,1613.8,2000,100.0,182.99,97.8
22800,7,1578.7,2000,100.0,184.99,97.7
22900,8,1605.9,2000,100.0,180.96,97.7
23000,9,1539.9,2000,100.0,177.99,97.9
23100,8,1557.9,2000,100.0,178.99,97.8
23200,8,1554.0,2000,99.0,168.99,97.8
23300,8,1553.0,2000,100.0,174.00,97.8
23400,8,1542.0,2000,100.0,176.99,97.8
23500,7,1508.9,2000,100.0,177.00,97.8
23600,10,1591.3,2000,100.0,180.00,97.8
23700,8,1485.9,2000,100.0,179.99,97.9
23800,10,1465.7,2000,100.0,180.96,97.8
23900,11,1493.8,2000,100.0,174.99,97.8
24000,11,1506.3,2000,100.0,179.99,97.8
24100,13,1542.3,2000,100.0,178.99,97.8
24200,12,1559.6,2000,100.0,182.00,97.9
24300,13,1407.7,2000,100.0,183.98,97.8
24400,12,1492.8,2000,99.0,187.00,97.8
24500,12,1445.3,2000,100.0,179.99,97.8
24600,13,1447.8,2000,100.0,176.93,97.8
24700,8,1390.2,2000,100.0,181.97,97.8
24800,5,1363.8,2000,100.0,175.95,97.7
24900,5,1471.0,2000,100.0,173.98,97.8
25000,5,1466.8,2000,100.0,184.99,97.8
25100,5,1524.3,2000,100.0,170.00,97.8
25200,5,1493.4,2000,100.0,182.00,97.9
25300,6,1475.4,2000,100.0,182.96,97.8
25400,4,1423.0,2000,100.0,182.99,97.8
25500,6,1559.7,2000,100.0,179.00,97.8
25600,7,1523.4,2000,100.0,176.99,97.8
25700,7,1526.1,2000,100.0,182.97,97.9
25800,7,1516.0,2000,99.0,174.98,97.8
25900,6,1522.8,2000,100.0,180.97,97.9
26000,6,1587.1,2000,100.0,183.00,97.9
26100,9,1573.5,2000,100.0,179.98,97.8
26200,8,1554.1,2000,100.0,176.97,97.9
26300,8,1553.3,2000,100.0,170.99,97.9
26400,13,1568.3,2000,100.0,185.98,97.8
26500,6,1511.4,2000,100.0,179.98,97.7
26600,5,1526.0,2000,100.0,181.00,97.8
26700,6,1548.3,2000,100.0,183.98,97.7
26800,5,1628.8,2000,100.0,188.00,97.8
26900,7,1568.8,2000,100.0,182.99,97.7
27000,6,1620.9,2000,100.0,183.00,97.8
27100,6,1612.6,2000,100.0,179.99,97.7
27200,5,1594.1,2000,100.0,181.99,97.7
27300,6,1602.6,2000,100.0,165.99,97.7
27400,6,1461.9,2000,100.0,182.96,97.6
27500,6,1545.0,2000,100.0,187.97,97.7
27600,5,1573.1,2000,100.0,179.96,97.7
27700,5,1652.5,2000,100.0,180.99,97.6
27800,5,1576.3,2000,100.0,186.99,97.7
27900,5,1730.6,2000,100.0,185.00,97.7
28000,6,1591.4,2000,100.0,182.99,97.8
28100,5,1522.6,2000,100.0,185.99,97.8
28200,5,1565.2,2000,100.0,183.97,97.8
28300,6,1639.1,2000,100.0,188.00,97.7
28400,5,1634.7,2000,100.0,188.99,97.8
28500,4,1646.4,2000,100.0,194.00,97.8
28600,5,1581.2,2000,100.0,177.99,97.7
28700,4,1597.7,2000,100.0,181.99,97.9
28800,5,1629.8,2000,100.0,178.99,97.7
28900,5,1534.4,2000,100.0,179.97,97.8
29000,5,1687.0,2000,100.0,185.99,97.7
29100,4,1680.9,2000,100.0,191.00,97.8
29200,5,1604.9,2000,100.0,185.99,97.7
29300,4,1337.6,2000,100.0,174.85,97.5
29400,3,846.6,1848,100.0,174.52,95.8
29500,4,1258.6,2000,100.0,184.93,97.4
29600,5,1531.5,2000,100.0,187.98,97.5
29700,5,1677.4,2000,100.0,182.98,97.6
29800,4,1453.3,2000,100.0,173.96,97.5
29900,4,1433.9,2000,100.0,179.96,97.5
30000,4,1477.3,2000,100.0,183.99,97.5
30100,5,1623.5,2000,100.0,179.96,97.4
30200,5,1695.0,2000,100.0,181.00,97.5
30300,5,1643.1,2000,100.0,180.96,97.5
30400,5,1701.8,2000,100.0,186.99,97.6
30500,5,1601.8,2000,100.0,181.97,97.7
30600,4,1625.1,2000,100.0,181.99,97.7
30700,6,1666.9,2000,100.0,184.97,97.6
30800,4,1626.4,2000,100.0,178.99,97.7
30900,5,1561.4,2000,99.0,179.97,97.6
31000,5,1622.5,2000,100.0,186.99,97.7
31100,5,1664.7,2000,100.0,184.99,97.7
31200,4,1563.9,2000,100.0,175.97,97.6
31300,4,1425.0,2000,100.0,174.97,97.5
31400,4,1473.9,2000,100.0,177.96,97.5
31500,5,1648.6,2000,100.0,185.99,97.6
31600,5,1652.5,2000,100.0,184.99,97.6
31700,5,1576.6,2000,100.0,182.97,97.6
31800,5,1663.8,2000,100.0,179.00,97.6
31900,5,1735.6,2000,100.0,183.00,97.6
32000,5,1644.8,2000,100.0,190.00,97.7
32100,5,1697.3,2000,100.0,181.97,97.7
32200,4,1662.1,2000,100.0,187.99,97.7
32300,6,1510.7,2000,100.0,184.99,97.6
32400,4,1603.4,2000,100.0,185.99,97.5
32500,5,1654.7,2000,100.0,187.99,97.5
32600,5,1697.4,2000,100.0,186.99,97.7
32700,5,1692.1,2000,100.0,186.97,97.7
32800,5,1506.8,2000,100.0,176.98,97.6
32900,5,1599.7,2000,100.0,184.00,97.7
33000,5,1635.2,2000,100.0,184.99,97.7
33100,5,1664.2,2000,100.0,191.99,97.7
33200,5,1708.9,2000,100.0,191.00,97.8
33300,5,1633.3,2000,100.0,187.97,97.7
33400,5,1622.7,2000,100.0,181.98,97.7
33500,5,1629.6,2000,100.0,180.99,97.7
33600,5,1625.5,2000,100.0,187.00,97.7
33700,5,1721.8,2000,100.0,188.99,97.6
33800,5,1752.0,2000,100.0,182.97,97.7
33900,6,1668.2,2000,99.0,183.99,97.6
34000,5,1678.7,2000,100.0,184.00,97.6
34100,5,1672.8,2000,100.0,185.99,97.5
34200,5,1648.2,2000,100.0,186.98,97.6
34300,5,1734.8,2000,100.0,183.99,97.5
34400,6,1707.8,2000,99.0,184.99,97.6
34500,4,1706.5,2000,100.0,191.00,97.7
34600,5,1611.1,2000,100.0,185.99,97.7
34700,5,1661.9,2000,100.0,182.99,97.5
34800,6,1731.7,2000,100.0,188.00,97.5
34900,5,1691.5,2000,100.0,182.99,97.6
35000,5,1588.3,2000,100.0,183.99,97.6
35100,4,1555.9,2000,100.0,185.97,97.7
35200,4,1353.7,2000,100.0,185.95,97.6
35300,5,1566.2,2000,100.0,182.97,97.7
35400,5,1648.9,2000,100.0,177.99,97.7
35500,5,1626.3,2000,100.0,180.96,97.6
35600,5,1672.5,2000,100.0,181.98,97.5
35700,4,1626.8,2000,100.0,184.99,97.6
35800,5,1584.7,2000,100.0,179.95,97.4
35900,5,1489.1,2000,100.0,180.98,97.2
36000,4,1546.5,2000,100.0,176.98,97.4
36100,4,1422.6,2000,100.0,174.97,97.4
36200,5,1591.1,2000,100.0,184.99,97.5
36300,5,1683.5,2000,100.0,183.94,97.5
36400,5,1777.7,2000,100.0,184.00,97.5
36500,5,1700.7,2000,100.0,181.98,97.5
36600,5,1653.6,2000,100.0,183.92,97.4
36700,5,1647.1,2000,100.0,183.99,97.4
36800,5,1661.8,2000,100.0,182.99,97.3
36900,5,1652.2,2000,99.0,180.99,97.2
37000,5,1676.0,2000,100.0,177.99,97.4
37100,5,1715.8,2000,100.0,180.96,97.5
37200,5,1528.8,2000,100.0,176.98,97.5
37300,4,1327.7,2000,100.0,181.90,97.3
37400,5,1533.0,2000,100.0,178.95,97.5
37500,5,1611.1,2000,100.0,174.97,97.5
37600,4,1598.8,2000,100.0,175.99,97.4
37700,4,1320.9,2000,100.0,169.92,97.4
37800,4,1437.9,2000,100.0,180.97,97.6
37900,5,1553.4,2000,100.0,188.98,97.6
38000,5,1696.0,2000,100.0,181.99,97.5
38100,4,1577.8,2000,100.0,177.97,97.4
38200,5,1407.6,2000,100.0,170.96,97.1
38300,4,1420.7,2000,100.0,179.95,97.4
38400,5,1465.8,2000,100.0,178.97,97.3
38500,4,1456.1,2000,100.0,169.98,97.5
38600,6,1672.2,2000,100.0,188.00,97.5
38700,5,1725.3,2000,100.0,185.94,97.4
38800,5,1629.9,2000,100.0,175.99,97.4
38900,5,1590.4,2000,100.0,177.98,97.5
39000,4,1537.1,2000,100.0,180.96,97.6
39100,5,1587.9,2000,100.0,169.96,97.4
39200,5,1555.0,2000,100.0,183.97,97.5
39300,5,1566.7,2000,100.0,173.94,97.5
39400,4,1618.6,2000,100.0,179.98,97.5
39500,5,1658.7,2000,100.0,185.00,97.6
39600,5,1657.7,2000,100.0,190.95,97.7
39700,5,1604.3,2000,100.0,188.98,97.6
39800,5,1520.2,2000,100.0,175.97,97.6
39900,3,1334.0,2000,100.0,181.94,97.4
40000,4,1323.0,2000,100.0,185.92,97.2
40100,5,1372.0,2000,100.0,181.93,97.3
40200,3,1365.3,2000,100.0,184.93,97.6
40300,5,1471.0,2000,100.0,183.95,97.5
40400,4,1432.4,2000,100.0,176.93,97.7
40500,5,1671.9,2000,99.0,179.00,97.7
40600,5,1625.1,2000,100.0,191.99,97.7
40700,5,1704.2,2000,100.0,178.00,97.6
40800,5,1635.7,2000,100.0,186.77,97.7
40900,5,1641.2,2000,100.0,180.99,97.7
41000,5,1664.3,2000,100.0,188.00,97.6
41100,5,1586.9,2000,100.0,174.00,97.5
41200,7,1532.6,2000,100.0,188.98,97.6
41300,5,1512.9,2000,100.0,181.98,97.6
41400,5,1529.6,2000,100.0,179.99,97.6
41500,4,1393.0,2000,100.0,176.96,97.5
41600,3,1021.8,2000,100.0,177.72,96.2
41700,3,1048.3,2000,100.0,167.79,96.3
41800,4,1309.5,2000,100.0,170.96,97.3
41900,5,1574.8,2000,100.0,181.99,97.4
42000,5,1658.0,2000,100.0,183.99,97.6
42100,6,1737.4,2000,100.0,187.99,97.6
42200,5,1719.3,2000,100.0,185.99,97.7
42300,5,1655.0,2000,100.0,191.00,97.7
42400,6,1604.1,2000,100.0,189.99,97.6
42500,4,1557.9,2000,100.0,184.99,97.7
42600,6,1691.7,2000,100.0,181.00,97.7
42700,4,1643.3,2000,100.0,188.00,97.7
42800,6,1674.1,2000,100.0,181.99,97.8
42900,4,1623.6,2000,100.0,182.00,97.7
43000,5,1364.8,2000,100.0,182.98,97.7
43100,3,1340.9,2000,100.0,183.95,97.6
43200,4,1323.2,2000,100.0,180.94,97.7
43300,4,1374.3,2000,100.0,178.93,97.6
43400,5,1548.1,2000,100.0,184.96,97.6
43500,4,1580.0,2000,100.0,180.97,97.6
43600,5,1672.1,2000,100.0,180.99,97.7
43700,5,1676.5,2000,100.0,186.00,97.7
43800,6,1710.0,2000,100.0,182.00,97.6
43900,5,1675.9,2000,100.0,188.97,97.6
44000,5,1722.9,2000,100.0,189.96,97.6
44100,4,1566.7,2000,100.0,177.98,97.5
44200,5,1590.3,2000,100.0,178.98,97.6
44300,5,1579.6,2000,100.0,180.99,97.5
44400,5,1617.0,2000,100.0,178.99,97.5
44500,4,1517.1,2000,100.0,176.99,97.6
44600,4,1550.5,2000,100.0,177.99,97.6
44700,6,1655.5,2000,100.0,185.00,97.6
44800,4,1578.1,2000,100.0,185.99,97.6
44900,5,1634.7,2000,100.0,186.99,97.5
45000,5,1562.2,2000,100.0,179.97,97.5
45100,5,1533.4,2000,100.0,186.93,97.6
45200,4,1471.1,2000,100.0,172.99,97.6
45300,5,1706.4,2000,100.0,182.00,97.5
45400,5,1645.2,2000,100.0,189.98,97.6
45500,5,1647.0,2000,100.0,177.95,97.5
45600,5,1711.5,2000,100.0,184.00,97.5
45700,5,1648.1,2000,100.0,181.99,97.6
45800,5,1682.5,2000,100.0,185.97,97.5
45900,5,1545.2,2000,100.0,185.98,97.5
46000,4,1558.5,2000,100.0,189.99,97.5
46100,5,1575.9,2000,100.0,185.98,97.2
46200,5,1609.9,2000,100.0,176.99,97.5
46300,5,1626.0,2000,100.0,183.99,97.5
46400,5,1678.0,2000,100.0,191.99,97.4
46500,5,1661.1,2000,100.0,183.98,97.5
46600,5,1574.4,2000,100.0,184.98,97.5
46700,5,1529.1,2000,100.0,180.94,97.5
46800,4,1436.3,2000,100.0,180.96,97.4
46900,4,1441.2,2000,100.0,181.98,97.5
47000,4,1261.6,2000,100.0,177.92,97.0
47100,4,1159.2,2000,100.0,178.85,96.7
47200,4,1307.5,2000,100.0,173.82,96.6
47300,4,1218.4,2000,100.0,177.79,97.1
47400,4,1253.6,2000,100.0,180.89,96.7
47500,4,1393.1,2000,100.0,174.98,97.2
47600,5,1530.6,2000,100.0,187.99,97.4
47700,5,1572.6,2000,100.0,177.96,97.3
47800,5,1676.7,2000,100.0,174.98,97.3
47900,5,1604.6,2000,100.0,176.99,97.3
48000,5,1608.2,2000,100.0,173.99,97.3
48100,4,1434.6,2000,100.0,175.96,97.1
48200,5,1583.7,2000,100.0,183.98,97.2
48300,5,1573.6,2000,100.0,180.87,97.3
48400,5,1550.9,2000,100.0,172.98,97.4
48500,5,1553.0,2000,100.0,180.98,97.4
48600,5,1413.4,2000,100.0,175.89,97.2
48700,3,1233.6,2000,100.0,166.84,96.6
48800,4,1182.7,2000,100.0,166.88,95.8
48900,4,1263.8,2000,100.0,168.83,97.0
49000,5,1393.9,2000,100.0,180.95,97.3
49100,5,1634.9,2000,100.0,179.00,97.3
49200,5,1630.2,2000,100.0,179.99,97.5
49300,5,1659.7,2000,100.0,175.99,97.5
49400,5,1576.9,2000,100.0,180.97,97.4
49500,5,1611.7,2000,100.0,186.95,97.5
49600,6,1728.6,2000,100.0,190.99,97.4
49700,5,1660.1,2000,100.0,187.99,97.5
49800,6,1697.1,2000,100.0,187.94,97.6
49900,4,1605.5,2000,100.0,182.99,97.6
50000,5,1649.9,2000,100.0,187.98,97.6
50100,6,1696.5,2000,100.0,185.00,97.6
50200,5,1546.6,2000,100.0,177.94,97.7
50300,4,1600.7,2000,100.0,180.97,97.6
50400,6,1625.5,2000,100.0,183.99,97.7
50500,4,1532.3,2000,100.0,177.97,97.7
50600,5,1584.4,2000,100.0,178.99,97.6
50700,5,1480.3,2000,100.0,171.98,97.7
50800,5,1608.1,2000,100.0,176.98,97.6
50900,5,1637.6,2000,100.0,176.99,97.7
51000,5,1728.1,2000,100.0,186.99,97.6
51100,5,1676.9,2000,100.0,186.99,97.6
51200,6,1683.4,2000,100.0,190.97,97.7
51300,5,1675.0,2000,100.0,182.94,97.7
51400,5,1644.3,2000,100.0,184.00,97.7
51500,5,1617.8,2000,100.0,188.00,97.7
51600,5,1570.7,2000,100.0,172.98,97.7
51700,5,1649.7,2000,100.0,184.97,97.7
51800,5,1561.8,2000,100.0,183.97,97.7
51900,5,1566.9,2000,100.0,178.95,97.8
52000,5,1626.7,2000,100.0,184.99,97.7
52100,5,1589.6,2000,100.0,174.98,97.8
52200,5,1578.2,2000,99.0,180.93,97.7
52300,4,1451.8,2000,100.0,180.95,97.8
52400,5,1666.7,2000,100.0,181.98,97.7
52500,5,1547.7,2000,100.0,172.99,97.7
52600,5,1638.8,2000,100.0,172.99,97.8
52700,6,1662.3,2000,100.0,177.00,97.8
52800,5,1697.3,2000,100.0,190.00,97.9
52900,5,1624.9,2000,100.0,182.99,97.9
53000,6,1715.0,2000,100.0,188.00,97.9
53100,5,1601.8,2000,100.0,178.99,97.8
53200,4,1539.0,2000,100.0,177.99,97.8
53300,6,1588.1,2000,100.0,175.99,97.8
53400,5,1512.1,2000,100.0,180.00,97.8
53500,4,1561.6,2000,100.0,172.97,97.8
53600,5,1600.7,2000,100.0,184.00,97.9
53700,5,1608.1,2000,100.0,190.99,97.7
53800,5,1664.7,2000,100.0,185.00,97.8
53900,5,1626.7,2000,100.0,190.00,97.8
54000,5,1546.8,2000,100.0,187.99,97.8
54100,4,1382.2,2000,100.0,168.97,97.7
54200,4,1519.4,2000,100.0,174.99,97.8
54300,5,1475.8,2000,100.0,172.99,97.8
54400,4,1436.9,2000,100.0,179.94,97.7
54500,5,1603.1,2000,100.0,192.00,97.9
54600,4,1587.5,2000,100.0,176.00,97.8
54700,5,1618.3,2000,100.0,186.00,97.8
54800,6,1639.8,2000,100.0,176.99,97.8
54900,4,1582.6,2000,100.0,182.99,97.8
55000,8,1607.1,2000,100.0,189.00,97.8
55100,9,1558.7,2000,100.0,185.99,97.8
55200,8,1654.2,2000,100.0,184.99,97.8
55300,7,1676.9,2000,100.0,190.99,97.7
55400,6,1645.2,2000,100.0,181.00,97.7
55500,7,1592.9,2000,100.0,178.99,97.7
55600,7,1536.3,2000,100.0,179.99,97.7
55700,4,1500.3,2000,100.0,177.99,97.7
55800,5,1603.4,2000,100.0,175.99,97.7
55900,5,1529.5,2000,100.0,175.99,97.6
56000,4,1541.5,2000,100.0,179.98,97.6
56100,4,1600.2,2000,99.0,179.00,97.6
56200,6,1675.4,2000,100.0,179.99,97.7
56300,4,1521.7,2000,100.0,167.99,97.7
56400,4,1571.4,2000,100.0,176.99,97.8
56500,5,1693.4,2000,100.0,181.00,97.6
56600,5,1690.6,2000,100.0,185.98,97.8
56700,5,1621.1,2000,100.0,177.99,97.8
56800,5,1586.4,2000,100.0,178.99,97.8
56900,5,1677.6,2000,100.0,186.99,97.8
57000,5,1612.0,2000,100.0,183.00,97.8
57100,4,1497.4,2000,100.0,174.97,97.5
57200,4,1471.2,2000,100.0,187.99,97.6
57300,5,1610.0,2000,100.0,181.99,97.6
57400,5,1681.2,2000,100.0,176.98,97.7
57500,5,1652.4,2000,100.0,185.00,97.6
57600,5,1696.4,2000,100.0,191.00,97.7
57700,5,1672.8,2000,100.0,190.00,97.7
57800,5,1657.3,2000,100.0,183.00,97.6
57900,5,1668.4,2000,100.0,190.99,97.6
58000,5,1635.9,2000,100.0,181.00,97.6
58100,5,1619.9,2000,100.0,182.99,97.7
58200,5,1672.7,2000,100.0,185.00,97.7
58300,5,1710.0,2000,100.0,192.00,97.6
58400,6,1697.6,2000,100.0,181.00,97.6
58500,5,1690.7,2000,100.0,182.00,97.6
58600,5,1730.0,2000,100.0,183.93,97.7
58700,5,1639.4,2000,100.0,186.98,97.8
58800,5,1624.9,2000,100.0,183.00,97.8
58900,4,1654.2,2000,100.0,184.98,97.7
59000,5,1655.2,2000,99.0,181.00,97.7
59100,5,1580.7,2000,100.0,182.96,97.6
59200,5,1570.7,2000,100.0,179.99,97.6
59300,5,1662.6,2000,100.0,183.00,97.6
59400,4,1568.4,2000,100.0,184.99,97.6
59500,5,1501.8,2000,100.0,178.98,97.4
59600,5,1586.0,2000,100.0,185.99,97.5
59700,5,1613.6,2000,100.0,175.00,97.6
59800,4,1634.8,2000,100.0,186.00,97.6
59900,5,1509.4,2000,100.0,185.98,97.6
60000,4,1554.7,2000,100.0,184.98,97.5
60100,5,1598.8,2000,100.0,187.99,97.6
60200,4,1593.9,2000,100.0,182.00,97.7
60300,6,1563.8,2000,100.0,173.98,97.6
60400,4,1540.7,2000,100.0,181.99,97.4
60500,5,1595.7,2000,100.0,182.99,97.4
60600,5,1599.7,2000,100.0,178.96,97.5
60700,5,1601.0,2000,100.0,185.98,97.4
60800,4,1628.1,2000,100.0,173.95,97.4
60900,5,1626.7,2000,100.0,180.99,97.4
61000,5,1629.3,2000,100.0,173.00,97.3
61100,4,1544.6,2000,100.0,180.99,97.3
61200,4,1228.3,2000,100.0,172.92,96.1
61300,3,1149.5,2000,100.0,176.64,95.8
61400,4,1033.4,2000,100.0,179.53,95.0
61500,4,1412.9,2000,100.0,178.93,96.9
61600,4,1479.6,2000,100.0,180.98,96.9
61700,4,1299.1,2000,100.0,180.93,96.7
61800,4,1141.1,2000,100.0,182.80,95.9
61900,4,1451.8,2000,100.0,180.96,96.9
62000,5,1622.2,2000,100.0,182.99,97.1
62100,5,1676.2,2000,100.0,183.99,97.2
62200,5,1649.9,2000,100.0,175.00,97.1
62300,5,1584.9,2000,100.0,179.97,97.0
62400,4,1705.1,2000,100.0,186.00,97.1
62500,5,1698.1,2000,100.0,186.99,97.2
62600,5,1637.2,2000,100.0,190.96,96.9
62700,5,1653.9,2000,100.0,186.96,97.2
62800,5,1541.3,2000,100.0,189.93,97.2
62900,5,1668.3,2000,100.0,192.00,97.2
63000,5,1680.9,2000,100.0,184.99,97.3
63100,4,1638.7,2000,100.0,187.00,97.5
63200,5,1596.6,2000,100.0,176.99,97.5
63300,5,1673.3,2000,100.0,183.99,97.5
63400,5,1611.5,2000,100.0,179.98,97.5
63500,4,1507.7,2000,100.0,183.99,97.4
63600,4,1520.5,2000,100.0,180.98,97.4
63700,5,1682.0,2000,100.0,186.98,97.4
63800,4,1743.8,2000,100.0,189.99,97.6
63900,6,1696.1,2000,100.0,178.99,97.6
64000,4,1695.8,2000,100.0,183.00,97.6
64100,5,1725.8,2000,100.0,183.00,97.5
64200,5,1619.6,2000,100.0,186.96,97.6
64300,4,1606.0,2000,100.0,187.99,97.7
64400,5,1578.8,2000,100.0,181.96,97.7
64500,4,1627.4,2000,100.0,179.00,97.6
64600,5,1671.4,2000,100.0,187.99,97.5
64700,4,1577.6,2000,100.0,177.97,97.5
64800,5,1681.6,2000,100.0,183.00,97.5
64900,5,1636.4,2000,100.0,184.99,97.5
65000,5,1647.6,2000,100.0,188.99,97.5
65100,5,1652.9,2000,100.0,186.99,97.5
65200,4,1691.7,2000,100.0,186.00,97.5
65300,5,1671.1,2000,100.0,186.98,97.5
65400,5,1626.1,2000,100.0,182.99,97.4
65500,5,1699.9,2000,100.0,180.00,97.4
65600,5,1713.1,2000,100.0,182.97,97.7
65700,5,1649.7,2000,100.0,188.98,97.5
65800,5,1676.0,2000,100.0,190.00,97.6
65900,4,1677.1,2000,100.0,189.98,97.7
66000,5,1516.9,2000,100.0,188.98,97.5
66100,5,1660.3,2000,100.0,184.99,97.5
66200,5,1647.9,2000,100.0,183.99,97.6
66300,4,1641.3,2000,100.0,189.99,97.6
66400,5,1644.9,2000,100.0,182.98,97.6
66500,5,1647.4,2000,100.0,190.99,97.7
66600,5,1596.4,2000,100.0,187.92,97.6
66700,5,1720.0,2000,100.0,184.99,97.7
66800,5,1713.1,2000,99.0,183.00,97.6
66900,5,1654.2,2000,100.0,183.00,97.7
67000,5,1591.7,2000,100.0,181.00,97.5
67100,4,1578.2,2000,100.0,181.99,97.6
67200,5,1750.2,2000,100.0,187.00,97.6
67300,6,1721.6,2000,100.0,186.00,97.6
67400,4,1680.3,2000,100.0,183.99,97.6
67500,5,1646.6,2000,100.0,183.99,97.4
67600,5,1612.1,2000,100.0,184.98,97.5
67700,5,1653.8,2000,100.0,181.99,97.4
67800,4,1658.0,2000,100.0,185.97,97.4
67900,5,1653.9,2000,100.0,179.98,97.3
68000,5,1532.4,2000,100.0,179.99,97.3
68100,3,1336.9,2000,100.0,186.94,97.2
68200,4,1494.2,2000,100.0,191.96,97.1
68300,4,1349.8,2000,100.0,182.92,97.1
68400,4,1353.8,2000,100.0,178.90,97.0
68500,5,1549.7,2000,100.0,181.92,97.1
68600,5,1631.3,2000,100.0,173.99,97.3
68700,4,1658.7,2000,100.0,185.99,97.3
68800,5,1725.5,2000,100.0,189.99,97.4
68900,5,1659.5,2000,100.0,184.99,97.3
69000,5,1786.0,2000,100.0,186.00,97.4
69100,5,1657.1,2000,100.0,184.98,97.3
69200,5,1731.6,2000,99.0,184.00,97.4
69300,5,1691.6,2000,100.0,189.99,97.3
69400,5,1680.0,2000,100.0,183.99,97.4
69500,4,1690.2,2000,100.0,187.99,97.3
69600,5,1559.6,2000,100.0,182.99,97.2
69700,4,1584.8,2000,99.0,179.96,97.2
69800,5,1639.6,2000,100.0,190.99,97.3
69900,5,1657.4,2000,100.0,183.98,97.4
70000,5,1696.6,2000,100.0,183.00,97.4
70100,5,1675.1,2000,100.0,191.98,97.5
70200,4,1675.9,2000,100.0,188.98,97.5
70300,5,1677.2,2000,100.0,183.00,97.4
70400,6,1686.0,2000,100.0,191.00,97.5
70500,4,1651.3,2000,100.0,184.93,97.5
70600,5,1725.6,2000,100.0,191.98,97.5
70700,5,1664.9,2000,100.0,183.99,97.4
70800,5,1663.4,2000,100.0,188.94,97.5
70900,4,1597.5,2000,100.0,187.96,97.5
71000,5,1562.5,2000,100.0,186.95,97.4
71100,5,1693.7,2000,100.0,189.00,97.5
71200,4,1566.9,2000,100.0,177.98,97.4
71300,5,1629.3,2000,100.0,193.99,97.5
71400,4,1495.9,2000,100.0,175.93,97.5
71500,5,1625.8,2000,100.0,181.99,97.5
71600,4,1562.8,2000,100.0,192.97,97.6
71700,5,1615.6,2000,100.0,176.97,97.5
71800,5,1614.8,2000,100.0,182.98,97.6
71900,4,1564.4,2000,100.0,183.97,97.7
72000,5,1623.5,2000,100.0,187.98,97.7
72100,4,1636.0,2000,100.0,183.99,97.7
72200,5,1628.3,2000,100.0,177.99,97.7
72300,5,1666.1,2000,100.0,184.98,97.7
72400,4,1642.8,2000,100.0,179.99,97.8
72500,5,1565.4,2000,100.0,178.97,97.8
72600,4,1583.9,2000,100.0,189.97,97.8
72700,4,1572.9,2000,100.0,182.99,97.7
72800,5,1483.5,2000,100.0,172.98,97.6
72900,4,1563.9,2000,100.0,186.96,97.7
73000,5,1584.2,2000,100.0,183.86,97.7
73100,4,1523.2,2000,100.0,185.98,97.6
73200,4,1565.7,2000,100.0,181.96,97.5
73300,4,1529.5,2000,100.0,179.95,97.5
73400,5,1517.3,2000,100.0,180.00,97.7
73500,4,1582.6,2000,100.0,181.96,97.6
73600,5,1609.0,2000,100.0,183.96,97.5
73700,4,1651.6,2000,100.0,181.98,97.7
73800,5,1674.5,2000,100.0,183.99,97.6
73900,4,1621.2,2000,100.0,180.99,97.4
74000,5,1555.1,2000,100.0,184.97,97.3
74100,4,1663.8,2000,100.0,187.94,97.7
74200,4,1630.8,2000,100.0,182.98,97.5
74300,4,1534.0,2000,100.0,180.73,97.6
74400,5,1543.3,2000,100.0,179.76,97.5
74500,4,1489.0,2000,100.0,184.89,97.5
74600,5,1642.1,2000,100.0,185.00,97.6
74700,4,1614.7,2000,100.0,179.00,97.5
74800,5,1596.1,2000,100.0,179.98,97.5
74900,4,1505.7,2000,100.0,182.95,97.5
75000,5,1504.2,2000,100.0,183.98,97.2
75100,4,1547.6,2000,100.0,184.99,97.4
75200,4,1599.1,2000,100.0,184.99,97.4
75300,5,1612.7,2000,100.0,186.00,97.4
75400,4,1642.0,2000,100.0,180.99,97.5
75500,5,1677.1,2000,100.0,180.00,97.5
75600,4,1489.2,2000,100.0,185.96,97.6
75700,5,1525.9,2000,100.0,175.94,97.5
75800,4,1563.3,2000,100.0,185.00,97.5
75900,5,1674.4,2000,100.0,187.99,97.6
76000,4,1677.9,2000,100.0,186.99,97.5
76100,5,1673.8,2000,100.0,183.94,97.5
76200,5,1672.8,2000,100.0,177.00,97.5
76300,4,1579.0,2000,100.0,180.99,97.5
76400,5,1648.6,2000,100.0,183.96,97.6
76500,4,1617.1,2000,100.0,183.97,97.6
76600,4,1618.2,2000,100.0,184.98,97.4
76700,5,1627.2,2000,100.0,190.99,97.4
76800,4,1631.5,2000,100.0,177.99,97.5
76900,5,1634.0,2000,100.0,177.97,97.6
77000,4,1558.0,2000,100.0,177.97,97.6
77100,4,1563.1,2000,100.0,180.97,97.4
77200,5,1609.2,2000,100.0,188.93,97.4
77300,5,1569.0,2000,100.0,180.99,97.4
77400,6,1602.6,2000,100.0,179.98,97.4
77500,5,1554.9,2000,100.0,180.98,97.4
77600,5,1527.7,2000,100.0,183.99,97.4
77700,6,1605.6,2000,100.0,186.97,97.4
77800,6,1642.8,2000,100.0,189.98,97.4
77900,5,1571.8,2000,100.0,186.89,97.5
78000,6,1614.5,2000,100.0,189.94,97.3
78100,6,1639.6,2000,100.0,191.96,97.4
78200,5,1476.6,2000,100.0,175.94,97.4
78300,5,1518.6,2000,100.0,182.99,97.3
78400,6,1667.5,2000,100.0,186.99,97.3
78500,5,1630.5,2000,100.0,179.98,97.4
78600,6,1551.0,2000,100.0,183.99,97.2
78700,5,1477.1,2000,100.0,179.97,97.2
78800,5,1628.7,2000,100.0,182.99,97.5
78900,5,1286.2,2000,100.0,188.86,97.1
79000,3,1118.0,2000,100.0,187.76,95.6
79100,5,1099.2,2000,100.0,186.69,95.4
79200,4,1242.9,2000,100.0,188.93,96.1
79300,5,1511.9,2000,100.0,183.98,97.2
79400,5,1676.9,2000,100.0,184.00,97.2
79500,6,1643.8,2000,100.0,179.96,97.5
79600,5,1638.8,2000,100.0,186.99,97.6
79700,6,1709.3,2000,100.0,185.96,97.5
79800,5,1589.2,2000,100.0,182.97,97.4
79900,6,1656.4,2000,100.0,182.99,97.5
80000,5,1567.7,2000,100.0,180.98,97.3
80100,5,1568.5,2000,100.0,185.98,97.4
80200,5,1583.1,2000,100.0,176.99,97.4
80300,6,1669.7,2000,99.0,178.99,97.4
80400,6,1684.0,2000,100.0,180.96,97.5
80500,5,1693.4,2000,100.0,185.00,97.5
80600,6,1743.0,2000,100.0,190.00,97.6
80700,5,1747.7,2000,99.0,180.00,97.6
80800,5,1655.7,2000,100.0,179.00,97.6
80900,5,1712.2,2000,100.0,185.99,97.6
81000,5,1687.2,2000,100.0,184.99,97.5
81100,5,1725.1,2000,100.0,185.00,97.6
81200,4,1715.4,2000,100.0,181.99,97.5
81300,5,1551.3,2000,100.0,180.97,97.5
81400,4,1676.4,2000,100.0,181.99,97.5
81500,5,1659.4,2000,100.0,184.99,97.4
81600,4,1462.1,2000,100.0,176.86,97.4
81700,4,1541.4,2000,100.0,174.93,97.5
81800,4,1631.3,2000,100.0,182.98,97.5
81900,4,1531.8,2000,100.0,181.99,97.4
82000,5,1537.3,2000,100.0,170.97,97.5
82100,4,1542.1,2000,100.0,173.94,97.6
82200,4,1440.9,2000,100.0,174.98,97.3
82300,6,1625.1,2000,100.0,182.99,97.4
82400,7,1734.3,2000,100.0,186.97,97.5
82500,6,1723.8,2000,100.0,183.99,97.5
82600,5,1722.5,2000,100.0,184.00,97.5
82700,5,1685.0,2000,100.0,184.00,97.4
82800,4,1627.0,2000,100.0,182.99,97.5
82900,5,1687.6,2000,100.0,187.99,97.5
83000,5,1719.8,2000,100.0,188.00,97.4
83100,5,1698.7,2000,100.0,180.00,97.5
83200,6,1634.3,2000,100.0,182.99,97.3
83300,4,1617.0,2000,100.0,189.99,97.4
83400,4,1619.4,2000,100.0,178.99,97.4
83500,5,1633.8,2000,100.0,185.99,97.4
83600,5,1724.3,2000,100.0,180.98,97.4
83700,5,1690.2,2000,99.0,179.99,97.6
83800,5,1600.7,2000,100.0,179.95,97.5
83900,4,1661.8,2000,100.0,176.98,97.5
84000,6,1785.7,2000,100.0,183.00,97.5
84100,4,1655.9,2000,100.0,187.99,97.6
84200,5,1635.3,2000,100.0,184.00,97.4
84300,4,1542.2,2000,100.0,172.97,97.4
84400,5,1447.1,2000,100.0,175.93,97.4
84500,4,1409.6,2000,99.0,177.96,97.3
84600,4,1543.9,2000,100.0,180.96,97.3
84700,5,1591.7,2000,100.0,180.97,97.4
84800,5,1652.7,2000,100.0,189.95,97.3
84900,4,1646.5,2000,100.0,184.97,97.5
85000,6,1696.1,2000,100.0,189.00,97.5
85100,5,1714.5,2000,100.0,186.00,97.5
85200,5,1716.0,2000,100.0,185.00,97.4
85300,5,1643.3,2000,100.0,184.00,97.5
85400,5,1690.6,2000,100.0,189.99,97.6
85500,5,1730.3,2000,100.0,185.95,97.6
85600,5,1675.7,2000,100.0,183.95,97.5
85700,5,1676.7,2000,100.0,181.99,97.6
85800,5,1707.2,2000,100.0,185.99,97.6
85900,6,1778.0,2000,100.0,190.99,97.5
86000,4,1671.2,2000,100.0,182.97,97.6
86100,5,1693.6,2000,100.0,185.97,97.6
86200,6,1707.5,2000,100.0,182.99,97.6
86300,5,1659.0,2000,100.0,184.98,97.6
86400,4,1718.1,2000,100.0,186.00,97.6
86500,5,1557.6,2000,100.0,185.99,97.6
86600,5,1647.6,2000,100.0,187.99,97.5
86700,5,1592.9,2000,100.0,183.93,97.5
86800,4,1618.1,2000,100.0,178.97,97.5
86900,5,1676.0,2000,100.0,184.98,97.6
87000,5,1600.8,2000,100.0,184.98,97.4
87100,5,1702.6,2000,99.0,185.00,97.5
87200,5,1732.4,2000,100.0,188.00,97.5
87300,5,1737.2,2000,100.0,184.00,97.4
87400,6,1685.6,2000,100.0,176.99,97.4
87500,4,1656.9,2000,100.0,180.98,97.4
87600,5,1671.1,2000,100.0,191.00,97.4
87700,6,1767.1,2000,100.0,187.00,97.3
87800,5,1703.2,2000,100.0,188.00,97.4
87900,4,1511.7,2000,100.0,185.96,97.3
88000,3,1139.1,2000,100.0,175.78,96.4
88100,3,1003.6,1913,100.0,172.73,95.5
88200,3,1081.9,2000,100.0,166.75,96.1
88300,3,1024.4,2000,100.0,180.80,95.1
88400,3,1059.8,2000,100.0,168.82,95.9
88500,3,938.2,2000,100.0,173.35,93.9
88600,3,1035.8,2000,100.0,179.79,95.4
88700,3,1090.1,2000,100.0,165.81,95.2
88800,3,972.4,2000,100.0,165.66,95.0
88900,3,837.1,2000,100.0,166.42,92.5
89000,2,781.1,2000,100.0,167.16,92.4
89100,2,752.7,1992,99.0,158.15,91.5
89200,3,835.9,2000,100.0,170.35,91.0
89300,2,666.3,1479,100.0,151.76,89.7
89400,2,732.3,2000,100.0,168.32,91.5
89500,2,697.4,2000,100.0,161.05,89.6
89600,3,768.0,2000,100.0,165.18,91.7
89700,3,842.9,2000,100.0,173.42,93.0
89800,2,800.5,2000,100.0,174.25,92.0
89900,2,752.7,2000,100.0,161.11,90.5
90000,2,673.7,2000,100.0,163.56,87.9
90100,2,792.8,2000,100.0,166.20,92.2
90200,3,762.3,2000,100.0,159.18,92.6
90300,2,742.8,2000,100.0,161.96,91.9
90400,3,775.5,2000,100.0,162.04,93.8
90500,2,717.3,2000,99.0,159.14,91.0
90600,3,875.3,2000,100.0,164.18,91.9
90700,3,841.2,2000,100.0,174.23,91.6
90800,2,917.2,2000,100.0,163.59,93.5
90900,3,947.9,2000,100.0,170.55,93.1
91000,4,1114.7,2000,100.0,156.82,95.1
91100,3,1252.4,2000,100.0,168.96,95.2
91200,3,1167.9,2000,100.0,162.72,95.3
91300,3,992.9,2000,100.0,167.60,93.6
91400,3,880.0,2000,100.0,173.46,93.0
91500,2,859.6,2000,100.0,167.64,91.8
91600,3,832.3,2000,100.0,159.26,91.6
91700,2,771.8,2000,100.0,158.09,92.3
91800,2,887.1,2000,100.0,161.57,92.3
91900,3,805.8,2000,100.0,145.70,90.7
92000,2,883.7,2000,100.0,165.46,92.9
92100,2,747.4,2000,100.0,154.95,91.8
92200,3,764.7,2000,100.0,167.68,92.4
92300,2,702.5,2000,100.0,166.31,82.6
92400,2,627.4,1398,100.0,177.66,77.0
92500,2,627.0,2000,100.0,167.12,77.3
92600,2,563.1,2000,100.0,170.16,75.9
92700,1,543.7,1376,100.0,163.50,82.2
92800,2,721.1,1974,100.0,175.97,89.2
92900,3,725.9,1972,100.0,172.16,89.9
93000,2,690.7,1703,100.0,171.85,87.5
93100,2,685.0,1513,100.0,174.64,89.3
93200,2,752.3,1818,100.0,171.76,86.5
93300,2,739.5,1528,100.0,160.11,88.9
93400,3,790.9,2000,100.0,171.02,89.4
93500,2,830.9,2000,100.0,171.41,88.7
93600,2,663.8,1848,100.0,171.82,81.2
93700,2,552.6,1393,100.0,168.06,66.7
93800,2,502.2,1112,100.0,163.76,44.1
93900,2,534.2,1042,100.0,171.11,43.0
94000,1,445.2,1320,100.0,161.48,50.3
94100,2,492.5,1244,100.0,176.60,53.3
94200,2,564.2,1706,100.0,171.53,45.9
94300,1,558.4,1027,100.0,168.87,44.2
94400,2,535.5,1388,99.0,178.60,53.7
94500,2,501.7,1000,100.0,180.90,52.9
94600,2,543.7,1231,100.0,179.76,51.2
94700,1,536.7,1472,100.0,176.44,56.3
94800,3,710.0,1787,100.0,173.89,85.9
94900,1,724.8,1611,100.0,176.09,85.6
95000,3,814.1,1752,100.0,168.29,88.6
95100,2,810.4,2000,100.0,170.22,88.6
95200,3,876.2,2000,100.0,183.25,91.8
95300,2,1013.3,2000,100.0,182.58,93.2
95400,3,883.6,2000,99.0,170.16,88.9
95500,2,819.3,1961,100.0,176.56,90.0
95600,3,1067.7,2000,100.0,181.45,94.2
95700,3,924.3,2000,100.0,177.28,93.2
95800,2,1046.8,2000,100.0,175.41,93.4
95900,4,999.7,2000,100.0,163.68,92.3
96000,3,1024.2,2000,100.0,168.42,92.6
96100,2,818.1,2000,100.0,178.21,90.6
96200,2,808.7,2000,100.0,177.17,90.9
96300,3,955.1,2000,100.0,165.28,91.7
96400,3,1135.3,2000,100.0,176.84,93.5
96500,3,1067.4,2000,100.0,168.79,94.3
96600,3,1171.3,2000,100.0,168.56,94.2
96700,4,1233.0,2000,100.0,170.80,95.4
96800,3,1189.8,2000,100.0,178.85,94.7
96900,3,1185.3,2000,100.0,174.67,94.6
97000,3,1030.5,2000,100.0,171.67,92.6
97100,3,1024.0,2000,100.0,179.82,92.5
97200,3,952.2,2000,100.0,162.40,92.0
97300,4,1271.9,2000,100.0,170.86,95.0
97400,3,1013.3,2000,100.0,175.74,93.1
97500,2,916.5,2000,100.0,166.74,92.2
97600,3,886.0,2000,100.0,161.64,84.6
97700,2,785.5,2000,100.0,173.76,82.5
97800,3,962.5,2000,100.0,167.63,92.3
97900,3,1039.4,2000,100.0,165.72,92.6
98000,3,1054.9,2000,100.0,174.64,93.8
98100,3,1180.7,2000,100.0,161.70,94.6
98200,3,1175.1,2000,100.0,165.66,95.1
98300,4,1390.4,2000,100.0,174.96,96.0
98400,4,1372.5,2000,100.0,172.83,94.9
98500,4,1352.6,2000,100.0,173.95,95.1
98600,4,1234.0,2000,100.0,170.91,95.4
98700,3,1293.2,2000,100.0,166.94,95.4
98800,3,1178.5,2000,100.0,174.82,94.9
98900,4,1079.8,2000,100.0,160.58,93.6
99000,3,935.0,2000,100.0,168.44,92.0
99100,2,920.0,2000,100.0,167.38,90.2
99200,2,831.5,2000,100.0,171.39,88.9
99300,4,1062.9,2000,100.0,182.73,93.7
99400,3,1197.6,2000,100.0,169.84,94.5
99500,4,1338.3,2000,100.0,174.95,95.6
99600,4,1363.9,2000,100.0,175.79,95.8
99700,4,1485.1,2000,100.0,175.96,96.3
99800,4,1483.2,2000,99.0,172.81,96.4
99900,4,1376.4,2000,100.0,183.74,96.2
100000,5,1504.3,2000,100.0,186.98,96.7
100100,4,1491.9,2000,100.0,175.97,96.8
100200,4,1455.5,2000,100.0,182.88,96.2
100300,4,1456.1,2000,100.0,177.97,96.4
100400,4,1445.4,2000,100.0,173.96,96.7
100500,4,1264.5,2000,100.0,180.25,96.0
100600,4,1583.6,2000,100.0,183.96,96.9
100700,5,1667.9,2000,100.0,193.00,97.1
100800,5,1642.3,2000,100.0,179.99,97.1
100900,5,1689.4,2000,100.0,183.00,97.4
101000,5,1625.4,2000,99.0,178.98,97.4
101100,4,1631.1,2000,100.0,185.00,97.4
101200,5,1725.1,2000,100.0,188.95,97.4
101300,5,1660.7,2000,100.0,184.00,97.4
101400,5,1613.8,2000,100.0,182.89,97.5
101500,4,1608.5,2000,100.0,179.99,97.6
101600,5,1617.4,2000,100.0,181.97,97.6
101700,5,1671.3,2000,100.0,181.99,97.6
101800,5,1673.9,2000,100.0,176.99,97.5
101900,4,1624.7,2000,100.0,174.99,97.6
102000,6,1749.0,2000,100.0,188.00,97.5
102100,4,1658.0,2000,100.0,182.99,97.6
102200,5,1693.4,2000,100.0,189.99,97.5
102300,5,1737.8,2000,100.0,187.00,97.5
102400,5,1690.2,2000,100.0,185.00,97.6
102500,5,1616.8,2000,100.0,186.99,97.5
102600,5,1689.6,2000,100.0,183.99,97.4
102700,5,1682.8,2000,100.0,186.00,97.5
102800,5,1682.9,2000,100.0,183.00,97.4
102900,4,1577.4,2000,100.0,182.97,97.6
103000,5,1607.6,2000,100.0,181.99,97.4
103100,5,1657.9,2000,100.0,186.00,97.4
103200,5,1710.5,2000,100.0,185.00,97.5
103300,4,1672.0,2000,100.0,181.99,97.5
103400,5,1696.5,2000,100.0,180.00,97.5
103500,6,1741.3,2000,100.0,186.94,97.5
103600,5,1714.4,2000,99.0,176.00,97.4
103700,4,1728.1,2000,100.0,179.98,97.5
103800,5,1694.8,2000,100.0,184.99,97.4
103900,5,1669.4,2000,100.0,179.95,97.5
104000,5,1692.9,2000,100.0,178.99,97.5
104100,5,1654.9,2000,100.0,178.95,97.4
104200,5,1704.8,2000,100.0,183.97,97.5
104300,5,1707.8,2000,100.0,187.00,97.4
104400,5,1681.8,2000,100.0,182.99,97.5
104500,4,1496.3,2000,100.0,173.98,97.5
104600,4,1451.3,2000,100.0,177.98,97.6
104700,5,1475.6,2000,100.0,179.98,97.5
104800,4,1451.5,2000,100.0,177.97,97.4
104900,4,1420.6,2000,100.0,179.96,97.4
105000,4,1591.5,2000,100.0,176.97,97.6
105100,5,1605.6,2000,100.0,185.00,97.5
105200,5,1493.3,2000,100.0,175.98,97.5
105300,4,1471.0,2000,100.0,170.98,97.4
105400,4,1344.0,2000,100.0,175.99,97.4
105500,4,1410.9,2000,100.0,171.97,97.4
105600,4,1331.5,2000,100.0,168.97,97.5
105700,3,1189.1,2000,100.0,184.93,97.4
105800,4,1302.0,2000,100.0,174.95,97.2
105900,4,1368.3,2000,100.0,182.98,97.5
106000,4,1312.0,2000,100.0,183.95,97.5
106100,4,1338.3,2000,100.0,183.97,97.6
106200,4,1523.4,2000,100.0,185.99,97.5
106300,5,1472.9,2000,100.0,181.98,97.4
106400,4,1518.7,2000,100.0,178.98,97.4
106500,4,1425.9,2000,100.0,177.96,97.5
106600,5,1484.9,2000,100.0,177.00,97.6
106700,4,1562.6,2000,100.0,177.99,97.6
106800,5,1591.1,2000,100.0,182.00,97.5
106900,4,1506.4,2000,100.0,182.98,97.4
107000,4,1472.2,2000,99.0,175.96,97.5
107100,4,1451.5,2000,100.0,180.98,97.4
107200,5,1581.4,2000,100.0,175.97,97.5
107300,4,1578.8,2000,100.0,187.99,97.4
107400,4,1609.3,2000,100.0,184.98,97.4
107500,5,1629.0,2000,100.0,184.00,97.3
107600,5,1639.2,2000,100.0,185.99,97.2
107700,5,1647.7,2000,100.0,188.99,97.3
107800,4,1553.7,2000,100.0,177.98,97.3
107900,5,1638.1,2000,100.0,180.98,97.3
108000,5,1730.2,2000,100.0,182.99,97.4
108100,5,1649.3,2000,99.0,180.94,97.5
108200,4,1674.6,2000,100.0,187.00,97.6
108300,5,1657.9,2000,100.0,186.99,97.5
108400,5,1661.6,2000,100.0,179.00,97.4
108500,4,1587.5,2000,100.0,182.98,97.3
108600,5,1665.6,2000,100.0,178.97,97.5
108700,5,1611.3,2000,100.0,178.99,97.4
108800,5,1700.4,2000,100.0,188.00,97.4
108900,4,1668.9,2000,100.0,182.00,97.4
109000,5,1656.6,2000,100.0,178.00,97.4
109100,4,1693.8,2000,100.0,188.00,97.4
109200,5,1688.2,2000,100.0,178.00,97.6
109300,5,1632.7,2000,100.0,189.00,97.5
109400,5,1602.1,2000,100.0,184.99,97.6
109500,4,1664.3,2000,100.0,186.96,97.4
109600,5,1609.4,2000,100.0,178.00,97.6
109700,5,1648.5,2000,100.0,179.98,97.4
109800,4,1619.9,2000,100.0,185.98,97.5
109900,5,1702.1,2000,100.0,192.00,97.6
110000,4,1545.4,2000,100.0,188.99,97.4
